text,sentiment
Super satisfied with everything,positive
Completely useless and waste of money,negative
Really happy with the quality,positive
It does the job,neutral
Bad customer support and service,negative
Totally broken and useless,negative
It is fine for basic use,neutral
Absolutely fantastic product,positive
I love this product,positive
Average experience overall,neutral
Amazing experience with the service,positive
It does the job,neutral
Neither good nor bad,neutral
It is okay nothing special,neutral
It stopped working after one day,negative
Extremely frustrating experience,negative
Neither good nor bad,neutral
Acceptable quality,neutral
Totally broken and useless,negative
It is fine for basic use,neutral
Best purchase I have made,positive
It is fine for basic use,neutral
Works better than expected,positive
Not bad not great,neutral
Extremely frustrating experience,negative
It stopped working after one day,negative
Standard performance nothing extra,neutral
Not bad not great,neutral
It stopped working after one day,negative
Works as expected,neutral
Average experience overall,neutral
Worst experience ever,negative
Very disappointed with the service,negative
Decent product for the price,neutral
Acceptable quality,neutral
Amazing experience with the service,positive
It is fine for basic use,neutral
It is okay nothing special,neutral
Average experience overall,neutral
It is okay nothing special,neutral
Neither good nor bad,neutral
Really happy with the quality,positive
It is okay nothing special,neutral
Not worth buying at all,negative
Not bad not great,neutral
Completely useless and waste of money,negative
Not bad not great,neutral
Not bad not great,neutral
Completely useless and waste of money,negative
Best purchase I have made,positive
Extremely frustrating experience,negative
Best purchase I have made,positive
Decent product for the price,neutral
Worst experience ever,negative
It stopped working after one day,negative
Works better than expected,positive
Neither good nor bad,neutral
Average experience overall,neutral
Bad customer support and service,negative
Highly recommend this to everyone,positive
It is okay nothing special,neutral
Average experience overall,neutral
I hate this product,negative
Average experience overall,neutral
Worst experience ever,negative
It stopped working after one day,negative
Neither good nor bad,neutral
Works as expected,neutral
Acceptable quality,neutral
It is okay nothing special,neutral
Average experience overall,neutral
Amazing experience with the service,positive
Very impressed with the performance,positive
Acceptable quality,neutral
This is excellent and works perfectly,positive
Standard performance nothing extra,neutral
Really happy with the quality,positive
Bad customer support and service,negative
Works as expected,neutral
Works as expected,neutral
Completely useless and waste of money,negative
I love this product,positive
Not worth buying at all,negative
It is fine for basic use,neutral
Average experience overall,neutral
Works better than expected,positive
This is excellent and works perfectly,positive
Highly recommend this to everyone,positive
Completely useless and waste of money,negative
Super satisfied with everything,positive
Acceptable quality,neutral
Highly recommend this to everyone,positive
Decent product for the price,neutral
Completely useless and waste of money,negative
Very disappointed with the service,negative
I hate this product,negative
I hate this product,negative
Amazing experience with the service,positive
Highly recommend this to everyone,positive
Standard performance nothing extra,neutral
Totally broken and useless,negative
Average experience overall,neutral
Neither good nor bad,neutral
Neither good nor bad,neutral
It does the job,neutral
Standard performance nothing extra,neutral
Amazing experience with the service,positive
Totally broken and useless,negative
Super satisfied with everything,positive
Highly recommend this to everyone,positive
Amazing experience with the service,positive
Acceptable quality,neutral
Works as expected,neutral
Completely useless and waste of money,negative
Best purchase I have made,positive
Average experience overall,neutral
It is fine for basic use,neutral
Average experience overall,neutral
This is excellent and works perfectly,positive
Totally broken and useless,negative
Super satisfied with everything,positive
I love this product,positive
Highly recommend this to everyone,positive
Amazing experience with the service,positive
It is fine for basic use,neutral
Super satisfied with everything,positive
Works better than expected,positive
Very poor quality,negative
I love this product,positive
This is excellent and works perfectly,positive
Average experience overall,neutral
Bad customer support and service,negative
Best purchase I have made,positive
Average experience overall,neutral
It stopped working after one day,negative
Bad customer support and service,negative
Decent product for the price,neutral
I love this product,positive
Very poor quality,negative
It is okay nothing special,neutral
Works better than expected,positive
This is excellent and works perfectly,positive
Standard performance nothing extra,neutral
Very poor quality,negative
Completely useless and waste of money,negative
Absolutely fantastic product,positive
Not worth buying at all,negative
Absolutely fantastic product,positive
Not bad not great,neutral
Decent product for the price,neutral
It is fine for basic use,neutral
This is excellent and works perfectly,positive
Really happy with the quality,positive
Average experience overall,neutral
Decent product for the price,neutral
It stopped working after one day,negative
Not worth buying at all,negative
Very poor quality,negative
Highly recommend this to everyone,positive
I love this product,positive
Very disappointed with the service,negative
Works as expected,neutral
Standard performance nothing extra,neutral
Very poor quality,negative
Works better than expected,positive
Average experience overall,neutral
Extremely frustrating experience,negative
Standard performance nothing extra,neutral
It stopped working after one day,negative
Highly recommend this to everyone,positive
I hate this product,negative
Really happy with the quality,positive
Super satisfied with everything,positive
Very poor quality,negative
Standard performance nothing extra,neutral
Acceptable quality,neutral
Totally broken and useless,negative
It does the job,neutral
It stopped working after one day,negative
Best purchase I have made,positive
It does the job,neutral
Really happy with the quality,positive
Works better than expected,positive
Super satisfied with everything,positive
Super satisfied with everything,positive
Average experience overall,neutral
Average experience overall,neutral
Neither good nor bad,neutral
Standard performance nothing extra,neutral
I love this product,positive
Neither good nor bad,neutral
It does the job,neutral
This is excellent and works perfectly,positive
Average experience overall,neutral
Worst experience ever,negative
I hate this product,negative
Very impressed with the performance,positive
It does the job,neutral
Worst experience ever,negative
Neither good nor bad,neutral
Completely useless and waste of money,negative
Very poor quality,negative
Very impressed with the performance,positive
Really happy with the quality,positive
It is fine for basic use,neutral
It is okay nothing special,neutral
Neither good nor bad,neutral
It is fine for basic use,neutral
Bad customer support and service,negative
Very poor quality,negative
Extremely frustrating experience,negative
I hate this product,negative
I hate this product,negative
Neither good nor bad,neutral
Best purchase I have made,positive
It stopped working after one day,negative
Very poor quality,negative
Acceptable quality,neutral
Really happy with the quality,positive
Acceptable quality,neutral
Extremely frustrating experience,negative
This is excellent and works perfectly,positive
Works better than expected,positive
Extremely frustrating experience,negative
I hate this product,negative
Highly recommend this to everyone,positive
I hate this product,negative
Average experience overall,neutral
Very disappointed with the service,negative
Absolutely fantastic product,positive
It is fine for basic use,neutral
It is okay nothing special,neutral
Worst experience ever,negative
Absolutely fantastic product,positive
Very impressed with the performance,positive
Very poor quality,negative
It is fine for basic use,neutral
Neither good nor bad,neutral
Works better than expected,positive
Acceptable quality,neutral
Absolutely fantastic product,positive
I hate this product,negative
Very poor quality,negative
Not bad not great,neutral
Average experience overall,neutral
Very impressed with the performance,positive
I hate this product,negative
Worst experience ever,negative
Best purchase I have made,positive
Bad customer support and service,negative
Not bad not great,neutral
Best purchase I have made,positive
Super satisfied with everything,positive
Standard performance nothing extra,neutral
It does the job,neutral
It is okay nothing special,neutral
Neither good nor bad,neutral
Very poor quality,negative
Completely useless and waste of money,negative
Very disappointed with the service,negative
Best purchase I have made,positive
I hate this product,negative
Absolutely fantastic product,positive
Not worth buying at all,negative
It stopped working after one day,negative
Works as expected,neutral
I hate this product,negative
Works better than expected,positive
Very poor quality,negative
Works as expected,neutral
Totally broken and useless,negative
It stopped working after one day,negative
Super satisfied with everything,positive
Very poor quality,negative
Extremely frustrating experience,negative
Not worth buying at all,negative
Very impressed with the performance,positive
Worst experience ever,negative
Very impressed with the performance,positive
Worst experience ever,negative
Acceptable quality,neutral
Not bad not great,neutral
Bad customer support and service,negative
Very poor quality,negative
Really happy with the quality,positive
It is fine for basic use,neutral
Very disappointed with the service,negative
Not worth buying at all,negative
Highly recommend this to everyone,positive
Best purchase I have made,positive
Neither good nor bad,neutral
Extremely frustrating experience,negative
Not worth buying at all,negative
Works better than expected,positive
Best purchase I have made,positive
It does the job,neutral
Really happy with the quality,positive
Works as expected,neutral
I hate this product,negative
Very disappointed with the service,negative
Standard performance nothing extra,neutral
Works as expected,neutral
Totally broken and useless,negative
Bad customer support and service,negative
Completely useless and waste of money,negative
Decent product for the price,neutral
Works as expected,neutral
Very impressed with the performance,positive
Completely useless and waste of money,negative
I love this product,positive
Neither good nor bad,neutral
Highly recommend this to everyone,positive
I hate this product,negative
Neither good nor bad,neutral
Amazing experience with the service,positive
Worst experience ever,negative
Really happy with the quality,positive
Very disappointed with the service,negative
Absolutely fantastic product,positive
Totally broken and useless,negative
Highly recommend this to everyone,positive
Completely useless and waste of money,negative
Average experience overall,neutral
Absolutely fantastic product,positive
Totally broken and useless,negative
Not worth buying at all,negative
Extremely frustrating experience,negative
Highly recommend this to everyone,positive
This is excellent and works perfectly,positive
This is excellent and works perfectly,positive
Extremely frustrating experience,negative
Acceptable quality,neutral
Not worth buying at all,negative
Works better than expected,positive
It is fine for basic use,neutral
I hate this product,negative
Amazing experience with the service,positive
Bad customer support and service,negative
Very impressed with the performance,positive
It stopped working after one day,negative
Very impressed with the performance,positive
Bad customer support and service,negative
Average experience overall,neutral
Amazing experience with the service,positive
Not worth buying at all,negative
Not worth buying at all,negative
It is okay nothing special,neutral
Super satisfied with everything,positive
Amazing experience with the service,positive
This is excellent and works perfectly,positive
Average experience overall,neutral
Worst experience ever,negative
I hate this product,negative
Worst experience ever,negative
Very poor quality,negative
I hate this product,negative
Extremely frustrating experience,negative
Worst experience ever,negative
I love this product,positive
Really happy with the quality,positive
Not bad not great,neutral
Works as expected,neutral
It does the job,neutral
Average experience overall,neutral
Not worth buying at all,negative
Very disappointed with the service,negative
It stopped working after one day,negative
It does the job,neutral
It stopped working after one day,negative
Works as expected,neutral
Very impressed with the performance,positive
Not worth buying at all,negative
Very poor quality,negative
Amazing experience with the service,positive
It is fine for basic use,neutral
Standard performance nothing extra,neutral
Works better than expected,positive
It is okay nothing special,neutral
Completely useless and waste of money,negative
Super satisfied with everything,positive
This is excellent and works perfectly,positive
Works better than expected,positive
Amazing experience with the service,positive
Average experience overall,neutral
Highly recommend this to everyone,positive
Totally broken and useless,negative
Decent product for the price,neutral
Average experience overall,neutral
Works better than expected,positive
Amazing experience with the service,positive
Amazing experience with the service,positive
Really happy with the quality,positive
Acceptable quality,neutral
Works better than expected,positive
Neither good nor bad,neutral
Works as expected,neutral
Works better than expected,positive
Decent product for the price,neutral
Completely useless and waste of money,negative
I hate this product,negative
It does the job,neutral
Standard performance nothing extra,neutral
Completely useless and waste of money,negative
Decent product for the price,neutral
It is fine for basic use,neutral
Decent product for the price,neutral
It does the job,neutral
It is okay nothing special,neutral
Extremely frustrating experience,negative
Worst experience ever,negative
Completely useless and waste of money,negative
Not bad not great,neutral
It does the job,neutral
Completely useless and waste of money,negative
Absolutely fantastic product,positive
Works better than expected,positive
Standard performance nothing extra,neutral
Really happy with the quality,positive
Very impressed with the performance,positive
Acceptable quality,neutral
Best purchase I have made,positive
This is excellent and works perfectly,positive
Very poor quality,negative
Not worth buying at all,negative
It is fine for basic use,neutral
Extremely frustrating experience,negative
Best purchase I have made,positive
Bad customer support and service,negative
Very impressed with the performance,positive
Totally broken and useless,negative
Best purchase I have made,positive
I hate this product,negative
Average experience overall,neutral
Best purchase I have made,positive
I love this product,positive
Totally broken and useless,negative
It is fine for basic use,neutral
Works better than expected,positive
Best purchase I have made,positive
Works as expected,neutral
This is excellent and works perfectly,positive
Bad customer support and service,negative
Worst experience ever,negative
Really happy with the quality,positive
It stopped working after one day,negative
Not bad not great,neutral
Not bad not great,neutral
It is okay nothing special,neutral
Highly recommend this to everyone,positive
Neither good nor bad,neutral
Very disappointed with the service,negative
Totally broken and useless,negative
Works better than expected,positive
It stopped working after one day,negative
Works as expected,neutral
Very disappointed with the service,negative
Totally broken and useless,negative
Neither good nor bad,neutral
I hate this product,negative
Completely useless and waste of money,negative
Worst experience ever,negative
Really happy with the quality,positive
Very poor quality,negative
Best purchase I have made,positive
Amazing experience with the service,positive
It stopped working after one day,negative
Totally broken and useless,negative
Completely useless and waste of money,negative
Works as expected,neutral
It stopped working after one day,negative
It stopped working after one day,negative
Worst experience ever,negative
It stopped working after one day,negative
Extremely frustrating experience,negative
Average experience overall,neutral
It stopped working after one day,negative
It is okay nothing special,neutral
Not bad not great,neutral
I love this product,positive
Absolutely fantastic product,positive
Acceptable quality,neutral
Works better than expected,positive
Completely useless and waste of money,negative
Acceptable quality,neutral
Average experience overall,neutral
Totally broken and useless,negative
Average experience overall,neutral
Worst experience ever,negative
I love this product,positive
Works as expected,neutral
I love this product,positive
Average experience overall,neutral
Not bad not great,neutral
Standard performance nothing extra,neutral
Average experience overall,neutral
This is excellent and works perfectly,positive
Best purchase I have made,positive
Acceptable quality,neutral
Bad customer support and service,negative
Very poor quality,negative
